<?xml version="1.0" encoding="UTF-8"?>
<rss version="2.0" xmlns:ror="http://rorweb.com/0.1/" >
<channel>
  <title>ROR Sitemap for https://www.studiomarisouza.com.br/</title>
  <link>https://www.studiomarisouza.com.br/</link>

<item>
     <link>https://www.studiomarisouza.com.br/</link>
     <title>Stúdio Mari Souza</title>
     <description>Stúdio Mari Souza</description>
     <ror:updatePeriod></ror:updatePeriod>
     <ror:sortOrder>0</ror:sortOrder>
     <ror:resourceOf>sitemap</ror:resourceOf>
</item>
</channel>
</rss>
  